{"cameraMode":{"drawMode":0,"name":"Shaded","section":"Shading Mode"},"sceneLighting":false,"audioPlay":false,"sceneViewState":{"m_AlwaysRefresh":false,"showFog":true,"showSkybox":false,"showFlares":true,"showImageEffects":true,"showParticleSystems":true,"showVisualEffectGraphs":true,"m_FxEnabled":true},"in2DMode":false,"pivot":{"x":262.75848388671877,"y":56.236080169677737,"z":244.0673370361328},"rotation":{"x":-0.08256205171346665,"y":0.6429541110992432,"z":-0.06978686153888703,"w":-0.7583217024803162},"size":56.162269592285159,"orthographic":false}